DateKey,Date,Day,Month,MonthShort,MonthNo,Quarter,Year
20240101,2024-01-01,Monday,January,Jan,1,1,2024
20240102,2024-01-02,Tuesday,January,Jan,1,1,2024
20240103,2024-01-03,Wednesday,January,Jan,1,1,2024
20240104,2024-01-04,Thursday,January,Jan,1,1,2024
20240105,2024-01-05,Friday,January,Jan,1,1,2024
20240106,2024-01-06,Saturday,January,Jan,1,1,2024
20240107,2024-01-07,Sunday,January,Jan,1,1,2024
20240108,2024-01-08,Monday,January,Jan,1,1,2024
20240109,2024-01-09,Tuesday,January,Jan,1,1,2024
20240110,2024-01-10,Wednesday,January,Jan,1,1,2024
20240111,2024-01-11,Thursday,January,Jan,1,1,2024
20240112,2024-01-12,Friday,January,Jan,1,1,2024
20240113,2024-01-13,Saturday,January,Jan,1,1,2024
20240114,2024-01-14,Sunday,January,Jan,1,1,2024
20240115,2024-01-15,Monday,January,Jan,1,1,2024
20240116,2024-01-16,Tuesday,January,Jan,1,1,2024
20240117,2024-01-17,Wednesday,January,Jan,1,1,2024
20240118,2024-01-18,Thursday,January,Jan,1,1,2024
20240119,2024-01-19,Friday,January,Jan,1,1,2024
20240120,2024-01-20,Saturday,January,Jan,1,1,2024
20240121,2024-01-21,Sunday,January,Jan,1,1,2024
20240122,2024-01-22,Monday,January,Jan,1,1,2024
20240123,2024-01-23,Tuesday,January,Jan,1,1,2024
20240124,2024-01-24,Wednesday,January,Jan,1,1,2024
20240125,2024-01-25,Thursday,January,Jan,1,1,2024
20240126,2024-01-26,Friday,January,Jan,1,1,2024
20240127,2024-01-27,Saturday,January,Jan,1,1,2024
20240128,2024-01-28,Sunday,January,Jan,1,1,2024
20240129,2024-01-29,Monday,January,Jan,1,1,2024
20240130,2024-01-30,Tuesday,January,Jan,1,1,2024
20240131,2024-01-31,Wednesday,January,Jan,1,1,2024
20240201,2024-02-01,Thursday,February,Feb,2,1,2024
20240202,2024-02-02,Friday,February,Feb,2,1,2024
20240203,2024-02-03,Saturday,February,Feb,2,1,2024
20240204,2024-02-04,Sunday,February,Feb,2,1,2024
20240205,2024-02-05,Monday,February,Feb,2,1,2024
20240206,2024-02-06,Tuesday,February,Feb,2,1,2024
20240207,2024-02-07,Wednesday,February,Feb,2,1,2024
20240208,2024-02-08,Thursday,February,Feb,2,1,2024
20240209,2024-02-09,Friday,February,Feb,2,1,2024
20240210,2024-02-10,Saturday,February,Feb,2,1,2024
20240211,2024-02-11,Sunday,February,Feb,2,1,2024
20240212,2024-02-12,Monday,February,Feb,2,1,2024
20240213,2024-02-13,Tuesday,February,Feb,2,1,2024
20240214,2024-02-14,Wednesday,February,Feb,2,1,2024
20240215,2024-02-15,Thursday,February,Feb,2,1,2024
20240216,2024-02-16,Friday,February,Feb,2,1,2024
20240217,2024-02-17,Saturday,February,Feb,2,1,2024
20240218,2024-02-18,Sunday,February,Feb,2,1,2024
20240219,2024-02-19,Monday,February,Feb,2,1,2024
20240220,2024-02-20,Tuesday,February,Feb,2,1,2024
20240221,2024-02-21,Wednesday,February,Feb,2,1,2024
20240222,2024-02-22,Thursday,February,Feb,2,1,2024
20240223,2024-02-23,Friday,February,Feb,2,1,2024
20240224,2024-02-24,Saturday,February,Feb,2,1,2024
20240225,2024-02-25,Sunday,February,Feb,2,1,2024
20240226,2024-02-26,Monday,February,Feb,2,1,2024
20240227,2024-02-27,Tuesday,February,Feb,2,1,2024
20240228,2024-02-28,Wednesday,February,Feb,2,1,2024
20240229,2024-02-29,Thursday,February,Feb,2,1,2024
20240301,2024-03-01,Friday,March,Mar,3,1,2024
20240302,2024-03-02,Saturday,March,Mar,3,1,2024
20240303,2024-03-03,Sunday,March,Mar,3,1,2024
20240304,2024-03-04,Monday,March,Mar,3,1,2024
20240305,2024-03-05,Tuesday,March,Mar,3,1,2024
20240306,2024-03-06,Wednesday,March,Mar,3,1,2024
20240307,2024-03-07,Thursday,March,Mar,3,1,2024
20240308,2024-03-08,Friday,March,Mar,3,1,2024
20240309,2024-03-09,Saturday,March,Mar,3,1,2024
20240310,2024-03-10,Sunday,March,Mar,3,1,2024
20240311,2024-03-11,Monday,March,Mar,3,1,2024
20240312,2024-03-12,Tuesday,March,Mar,3,1,2024
20240313,2024-03-13,Wednesday,March,Mar,3,1,2024
20240314,2024-03-14,Thursday,March,Mar,3,1,2024
20240315,2024-03-15,Friday,March,Mar,3,1,2024
20240316,2024-03-16,Saturday,March,Mar,3,1,2024
20240317,2024-03-17,Sunday,March,Mar,3,1,2024
20240318,2024-03-18,Monday,March,Mar,3,1,2024
20240319,2024-03-19,Tuesday,March,Mar,3,1,2024
20240320,2024-03-20,Wednesday,March,Mar,3,1,2024
20240321,2024-03-21,Thursday,March,Mar,3,1,2024
20240322,2024-03-22,Friday,March,Mar,3,1,2024
20240323,2024-03-23,Saturday,March,Mar,3,1,2024
20240324,2024-03-24,Sunday,March,Mar,3,1,2024
20240325,2024-03-25,Monday,March,Mar,3,1,2024
20240326,2024-03-26,Tuesday,March,Mar,3,1,2024
20240327,2024-03-27,Wednesday,March,Mar,3,1,2024
20240328,2024-03-28,Thursday,March,Mar,3,1,2024
20240329,2024-03-29,Friday,March,Mar,3,1,2024
20240330,2024-03-30,Saturday,March,Mar,3,1,2024
20240331,2024-03-31,Sunday,March,Mar,3,1,2024
20240401,2024-04-01,Monday,April,Apr,4,2,2024
20240402,2024-04-02,Tuesday,April,Apr,4,2,2024
20240403,2024-04-03,Wednesday,April,Apr,4,2,2024
20240404,2024-04-04,Thursday,April,Apr,4,2,2024
20240405,2024-04-05,Friday,April,Apr,4,2,2024
20240406,2024-04-06,Saturday,April,Apr,4,2,2024
20240407,2024-04-07,Sunday,April,Apr,4,2,2024
20240408,2024-04-08,Monday,April,Apr,4,2,2024
20240409,2024-04-09,Tuesday,April,Apr,4,2,2024
20240410,2024-04-10,Wednesday,April,Apr,4,2,2024
20240411,2024-04-11,Thursday,April,Apr,4,2,2024
20240412,2024-04-12,Friday,April,Apr,4,2,2024
20240413,2024-04-13,Saturday,April,Apr,4,2,2024
20240414,2024-04-14,Sunday,April,Apr,4,2,2024
20240415,2024-04-15,Monday,April,Apr,4,2,2024
20240416,2024-04-16,Tuesday,April,Apr,4,2,2024
20240417,2024-04-17,Wednesday,April,Apr,4,2,2024
20240418,2024-04-18,Thursday,April,Apr,4,2,2024
20240419,2024-04-19,Friday,April,Apr,4,2,2024
20240420,2024-04-20,Saturday,April,Apr,4,2,2024
20240421,2024-04-21,Sunday,April,Apr,4,2,2024
20240422,2024-04-22,Monday,April,Apr,4,2,2024
20240423,2024-04-23,Tuesday,April,Apr,4,2,2024
20240424,2024-04-24,Wednesday,April,Apr,4,2,2024
20240425,2024-04-25,Thursday,April,Apr,4,2,2024
20240426,2024-04-26,Friday,April,Apr,4,2,2024
20240427,2024-04-27,Saturday,April,Apr,4,2,2024
20240428,2024-04-28,Sunday,April,Apr,4,2,2024
20240429,2024-04-29,Monday,April,Apr,4,2,2024
20240430,2024-04-30,Tuesday,April,Apr,4,2,2024
20240501,2024-05-01,Wednesday,May,May,5,2,2024
20240502,2024-05-02,Thursday,May,May,5,2,2024
20240503,2024-05-03,Friday,May,May,5,2,2024
20240504,2024-05-04,Saturday,May,May,5,2,2024
20240505,2024-05-05,Sunday,May,May,5,2,2024
20240506,2024-05-06,Monday,May,May,5,2,2024
20240507,2024-05-07,Tuesday,May,May,5,2,2024
20240508,2024-05-08,Wednesday,May,May,5,2,2024
20240509,2024-05-09,Thursday,May,May,5,2,2024
20240510,2024-05-10,Friday,May,May,5,2,2024
20240511,2024-05-11,Saturday,May,May,5,2,2024
20240512,2024-05-12,Sunday,May,May,5,2,2024
20240513,2024-05-13,Monday,May,May,5,2,2024
20240514,2024-05-14,Tuesday,May,May,5,2,2024
20240515,2024-05-15,Wednesday,May,May,5,2,2024
20240516,2024-05-16,Thursday,May,May,5,2,2024
20240517,2024-05-17,Friday,May,May,5,2,2024
20240518,2024-05-18,Saturday,May,May,5,2,2024
20240519,2024-05-19,Sunday,May,May,5,2,2024
20240520,2024-05-20,Monday,May,May,5,2,2024
20240521,2024-05-21,Tuesday,May,May,5,2,2024
20240522,2024-05-22,Wednesday,May,May,5,2,2024
20240523,2024-05-23,Thursday,May,May,5,2,2024
20240524,2024-05-24,Friday,May,May,5,2,2024
20240525,2024-05-25,Saturday,May,May,5,2,2024
20240526,2024-05-26,Sunday,May,May,5,2,2024
20240527,2024-05-27,Monday,May,May,5,2,2024
20240528,2024-05-28,Tuesday,May,May,5,2,2024
20240529,2024-05-29,Wednesday,May,May,5,2,2024
20240530,2024-05-30,Thursday,May,May,5,2,2024
20240531,2024-05-31,Friday,May,May,5,2,2024
20240601,2024-06-01,Saturday,June,Jun,6,2,2024
20240602,2024-06-02,Sunday,June,Jun,6,2,2024
20240603,2024-06-03,Monday,June,Jun,6,2,2024
20240604,2024-06-04,Tuesday,June,Jun,6,2,2024
20240605,2024-06-05,Wednesday,June,Jun,6,2,2024
20240606,2024-06-06,Thursday,June,Jun,6,2,2024
20240607,2024-06-07,Friday,June,Jun,6,2,2024
20240608,2024-06-08,Saturday,June,Jun,6,2,2024
20240609,2024-06-09,Sunday,June,Jun,6,2,2024
20240610,2024-06-10,Monday,June,Jun,6,2,2024
20240611,2024-06-11,Tuesday,June,Jun,6,2,2024
20240612,2024-06-12,Wednesday,June,Jun,6,2,2024
20240613,2024-06-13,Thursday,June,Jun,6,2,2024
20240614,2024-06-14,Friday,June,Jun,6,2,2024
20240615,2024-06-15,Saturday,June,Jun,6,2,2024
20240616,2024-06-16,Sunday,June,Jun,6,2,2024
20240617,2024-06-17,Monday,June,Jun,6,2,2024
20240618,2024-06-18,Tuesday,June,Jun,6,2,2024
20240619,2024-06-19,Wednesday,June,Jun,6,2,2024
20240620,2024-06-20,Thursday,June,Jun,6,2,2024
20240621,2024-06-21,Friday,June,Jun,6,2,2024
20240622,2024-06-22,Saturday,June,Jun,6,2,2024
20240623,2024-06-23,Sunday,June,Jun,6,2,2024
20240624,2024-06-24,Monday,June,Jun,6,2,2024
20240625,2024-06-25,Tuesday,June,Jun,6,2,2024
20240626,2024-06-26,Wednesday,June,Jun,6,2,2024
20240627,2024-06-27,Thursday,June,Jun,6,2,2024
20240628,2024-06-28,Friday,June,Jun,6,2,2024
20240629,2024-06-29,Saturday,June,Jun,6,2,2024
20240630,2024-06-30,Sunday,June,Jun,6,2,2024
20240701,2024-07-01,Monday,July,Jul,7,3,2024
20240702,2024-07-02,Tuesday,July,Jul,7,3,2024
20240703,2024-07-03,Wednesday,July,Jul,7,3,2024
20240704,2024-07-04,Thursday,July,Jul,7,3,2024
20240705,2024-07-05,Friday,July,Jul,7,3,2024
20240706,2024-07-06,Saturday,July,Jul,7,3,2024
20240707,2024-07-07,Sunday,July,Jul,7,3,2024
20240708,2024-07-08,Monday,July,Jul,7,3,2024
20240709,2024-07-09,Tuesday,July,Jul,7,3,2024
20240710,2024-07-10,Wednesday,July,Jul,7,3,2024
20240711,2024-07-11,Thursday,July,Jul,7,3,2024
20240712,2024-07-12,Friday,July,Jul,7,3,2024
20240713,2024-07-13,Saturday,July,Jul,7,3,2024
20240714,2024-07-14,Sunday,July,Jul,7,3,2024
20240715,2024-07-15,Monday,July,Jul,7,3,2024
20240716,2024-07-16,Tuesday,July,Jul,7,3,2024
20240717,2024-07-17,Wednesday,July,Jul,7,3,2024
20240718,2024-07-18,Thursday,July,Jul,7,3,2024
20240719,2024-07-19,Friday,July,Jul,7,3,2024
20240720,2024-07-20,Saturday,July,Jul,7,3,2024
20240721,2024-07-21,Sunday,July,Jul,7,3,2024
20240722,2024-07-22,Monday,July,Jul,7,3,2024
20240723,2024-07-23,Tuesday,July,Jul,7,3,2024
20240724,2024-07-24,Wednesday,July,Jul,7,3,2024
20240725,2024-07-25,Thursday,July,Jul,7,3,2024
20240726,2024-07-26,Friday,July,Jul,7,3,2024
20240727,2024-07-27,Saturday,July,Jul,7,3,2024
20240728,2024-07-28,Sunday,July,Jul,7,3,2024
20240729,2024-07-29,Monday,July,Jul,7,3,2024
20240730,2024-07-30,Tuesday,July,Jul,7,3,2024
20240731,2024-07-31,Wednesday,July,Jul,7,3,2024
20240801,2024-08-01,Thursday,August,Aug,8,3,2024
20240802,2024-08-02,Friday,August,Aug,8,3,2024
20240803,2024-08-03,Saturday,August,Aug,8,3,2024
20240804,2024-08-04,Sunday,August,Aug,8,3,2024
20240805,2024-08-05,Monday,August,Aug,8,3,2024
20240806,2024-08-06,Tuesday,August,Aug,8,3,2024
20240807,2024-08-07,Wednesday,August,Aug,8,3,2024
20240808,2024-08-08,Thursday,August,Aug,8,3,2024
20240809,2024-08-09,Friday,August,Aug,8,3,2024
20240810,2024-08-10,Saturday,August,Aug,8,3,2024
20240811,2024-08-11,Sunday,August,Aug,8,3,2024
20240812,2024-08-12,Monday,August,Aug,8,3,2024
20240813,2024-08-13,Tuesday,August,Aug,8,3,2024
20240814,2024-08-14,Wednesday,August,Aug,8,3,2024
20240815,2024-08-15,Thursday,August,Aug,8,3,2024
20240816,2024-08-16,Friday,August,Aug,8,3,2024
20240817,2024-08-17,Saturday,August,Aug,8,3,2024
20240818,2024-08-18,Sunday,August,Aug,8,3,2024
20240819,2024-08-19,Monday,August,Aug,8,3,2024
20240820,2024-08-20,Tuesday,August,Aug,8,3,2024
20240821,2024-08-21,Wednesday,August,Aug,8,3,2024
20240822,2024-08-22,Thursday,August,Aug,8,3,2024
20240823,2024-08-23,Friday,August,Aug,8,3,2024
20240824,2024-08-24,Saturday,August,Aug,8,3,2024
20240825,2024-08-25,Sunday,August,Aug,8,3,2024
20240826,2024-08-26,Monday,August,Aug,8,3,2024
20240827,2024-08-27,Tuesday,August,Aug,8,3,2024
20240828,2024-08-28,Wednesday,August,Aug,8,3,2024
20240829,2024-08-29,Thursday,August,Aug,8,3,2024
20240830,2024-08-30,Friday,August,Aug,8,3,2024
20240831,2024-08-31,Saturday,August,Aug,8,3,2024
20240901,2024-09-01,Sunday,September,Sep,9,3,2024
20240902,2024-09-02,Monday,September,Sep,9,3,2024
20240903,2024-09-03,Tuesday,September,Sep,9,3,2024
20240904,2024-09-04,Wednesday,September,Sep,9,3,2024
20240905,2024-09-05,Thursday,September,Sep,9,3,2024
20240906,2024-09-06,Friday,September,Sep,9,3,2024
20240907,2024-09-07,Saturday,September,Sep,9,3,2024
20240908,2024-09-08,Sunday,September,Sep,9,3,2024
20240909,2024-09-09,Monday,September,Sep,9,3,2024
20240910,2024-09-10,Tuesday,September,Sep,9,3,2024
20240911,2024-09-11,Wednesday,September,Sep,9,3,2024
20240912,2024-09-12,Thursday,September,Sep,9,3,2024
20240913,2024-09-13,Friday,September,Sep,9,3,2024
20240914,2024-09-14,Saturday,September,Sep,9,3,2024
20240915,2024-09-15,Sunday,September,Sep,9,3,2024
20240916,2024-09-16,Monday,September,Sep,9,3,2024
20240917,2024-09-17,Tuesday,September,Sep,9,3,2024
20240918,2024-09-18,Wednesday,September,Sep,9,3,2024
20240919,2024-09-19,Thursday,September,Sep,9,3,2024
20240920,2024-09-20,Friday,September,Sep,9,3,2024
20240921,2024-09-21,Saturday,September,Sep,9,3,2024
20240922,2024-09-22,Sunday,September,Sep,9,3,2024
20240923,2024-09-23,Monday,September,Sep,9,3,2024
20240924,2024-09-24,Tuesday,September,Sep,9,3,2024
20240925,2024-09-25,Wednesday,September,Sep,9,3,2024
20240926,2024-09-26,Thursday,September,Sep,9,3,2024
20240927,2024-09-27,Friday,September,Sep,9,3,2024
20240928,2024-09-28,Saturday,September,Sep,9,3,2024
20240929,2024-09-29,Sunday,September,Sep,9,3,2024
20240930,2024-09-30,Monday,September,Sep,9,3,2024
20241001,2024-10-01,Tuesday,October,Oct,10,4,2024
20241002,2024-10-02,Wednesday,October,Oct,10,4,2024
20241003,2024-10-03,Thursday,October,Oct,10,4,2024
20241004,2024-10-04,Friday,October,Oct,10,4,2024
20241005,2024-10-05,Saturday,October,Oct,10,4,2024
20241006,2024-10-06,Sunday,October,Oct,10,4,2024
20241007,2024-10-07,Monday,October,Oct,10,4,2024
20241008,2024-10-08,Tuesday,October,Oct,10,4,2024
20241009,2024-10-09,Wednesday,October,Oct,10,4,2024
20241010,2024-10-10,Thursday,October,Oct,10,4,2024
20241011,2024-10-11,Friday,October,Oct,10,4,2024
20241012,2024-10-12,Saturday,October,Oct,10,4,2024
20241013,2024-10-13,Sunday,October,Oct,10,4,2024
20241014,2024-10-14,Monday,October,Oct,10,4,2024
20241015,2024-10-15,Tuesday,October,Oct,10,4,2024
20241016,2024-10-16,Wednesday,October,Oct,10,4,2024
20241017,2024-10-17,Thursday,October,Oct,10,4,2024
20241018,2024-10-18,Friday,October,Oct,10,4,2024
20241019,2024-10-19,Saturday,October,Oct,10,4,2024
20241020,2024-10-20,Sunday,October,Oct,10,4,2024
20241021,2024-10-21,Monday,October,Oct,10,4,2024
20241022,2024-10-22,Tuesday,October,Oct,10,4,2024
20241023,2024-10-23,Wednesday,October,Oct,10,4,2024
20241024,2024-10-24,Thursday,October,Oct,10,4,2024
20241025,2024-10-25,Friday,October,Oct,10,4,2024
20241026,2024-10-26,Saturday,October,Oct,10,4,2024
20241027,2024-10-27,Sunday,October,Oct,10,4,2024
20241028,2024-10-28,Monday,October,Oct,10,4,2024
20241029,2024-10-29,Tuesday,October,Oct,10,4,2024
20241030,2024-10-30,Wednesday,October,Oct,10,4,2024
20241031,2024-10-31,Thursday,October,Oct,10,4,2024
20241101,2024-11-01,Friday,November,Nov,11,4,2024
20241102,2024-11-02,Saturday,November,Nov,11,4,2024
20241103,2024-11-03,Sunday,November,Nov,11,4,2024
20241104,2024-11-04,Monday,November,Nov,11,4,2024
20241105,2024-11-05,Tuesday,November,Nov,11,4,2024
20241106,2024-11-06,Wednesday,November,Nov,11,4,2024
20241107,2024-11-07,Thursday,November,Nov,11,4,2024
20241108,2024-11-08,Friday,November,Nov,11,4,2024
20241109,2024-11-09,Saturday,November,Nov,11,4,2024
20241110,2024-11-10,Sunday,November,Nov,11,4,2024
20241111,2024-11-11,Monday,November,Nov,11,4,2024
20241112,2024-11-12,Tuesday,November,Nov,11,4,2024
20241113,2024-11-13,Wednesday,November,Nov,11,4,2024
20241114,2024-11-14,Thursday,November,Nov,11,4,2024
20241115,2024-11-15,Friday,November,Nov,11,4,2024
20241116,2024-11-16,Saturday,November,Nov,11,4,2024
20241117,2024-11-17,Sunday,November,Nov,11,4,2024
20241118,2024-11-18,Monday,November,Nov,11,4,2024
20241119,2024-11-19,Tuesday,November,Nov,11,4,2024
20241120,2024-11-20,Wednesday,November,Nov,11,4,2024
20241121,2024-11-21,Thursday,November,Nov,11,4,2024
20241122,2024-11-22,Friday,November,Nov,11,4,2024
20241123,2024-11-23,Saturday,November,Nov,11,4,2024
20241124,2024-11-24,Sunday,November,Nov,11,4,2024
20241125,2024-11-25,Monday,November,Nov,11,4,2024
20241126,2024-11-26,Tuesday,November,Nov,11,4,2024
20241127,2024-11-27,Wednesday,November,Nov,11,4,2024
20241128,2024-11-28,Thursday,November,Nov,11,4,2024
20241129,2024-11-29,Friday,November,Nov,11,4,2024
20241130,2024-11-30,Saturday,November,Nov,11,4,2024
20241201,2024-12-01,Sunday,December,Dec,12,4,2024
20241202,2024-12-02,Monday,December,Dec,12,4,2024
20241203,2024-12-03,Tuesday,December,Dec,12,4,2024
20241204,2024-12-04,Wednesday,December,Dec,12,4,2024
20241205,2024-12-05,Thursday,December,Dec,12,4,2024
20241206,2024-12-06,Friday,December,Dec,12,4,2024
20241207,2024-12-07,Saturday,December,Dec,12,4,2024
20241208,2024-12-08,Sunday,December,Dec,12,4,2024
20241209,2024-12-09,Monday,December,Dec,12,4,2024
20241210,2024-12-10,Tuesday,December,Dec,12,4,2024
20241211,2024-12-11,Wednesday,December,Dec,12,4,2024
20241212,2024-12-12,Thursday,December,Dec,12,4,2024
20241213,2024-12-13,Friday,December,Dec,12,4,2024
20241214,2024-12-14,Saturday,December,Dec,12,4,2024
20241215,2024-12-15,Sunday,December,Dec,12,4,2024
20241216,2024-12-16,Monday,December,Dec,12,4,2024
20241217,2024-12-17,Tuesday,December,Dec,12,4,2024
20241218,2024-12-18,Wednesday,December,Dec,12,4,2024
20241219,2024-12-19,Thursday,December,Dec,12,4,2024
20241220,2024-12-20,Friday,December,Dec,12,4,2024
20241221,2024-12-21,Saturday,December,Dec,12,4,2024
20241222,2024-12-22,Sunday,December,Dec,12,4,2024
20241223,2024-12-23,Monday,December,Dec,12,4,2024
20241224,2024-12-24,Tuesday,December,Dec,12,4,2024
20241225,2024-12-25,Wednesday,December,Dec,12,4,2024
20241226,2024-12-26,Thursday,December,Dec,12,4,2024
20241227,2024-12-27,Friday,December,Dec,12,4,2024
20241228,2024-12-28,Saturday,December,Dec,12,4,2024
20241229,2024-12-29,Sunday,December,Dec,12,4,2024
20241230,2024-12-30,Monday,December,Dec,12,4,2024
20241231,2024-12-31,Tuesday,December,Dec,12,4,2024
20250101,2025-01-01,Wednesday,January,Jan,1,1,2025
20250102,2025-01-02,Thursday,January,Jan,1,1,2025
20250103,2025-01-03,Friday,January,Jan,1,1,2025
20250104,2025-01-04,Saturday,January,Jan,1,1,2025
20250105,2025-01-05,Sunday,January,Jan,1,1,2025
20250106,2025-01-06,Monday,January,Jan,1,1,2025
20250107,2025-01-07,Tuesday,January,Jan,1,1,2025
20250108,2025-01-08,Wednesday,January,Jan,1,1,2025
20250109,2025-01-09,Thursday,January,Jan,1,1,2025
20250110,2025-01-10,Friday,January,Jan,1,1,2025
20250111,2025-01-11,Saturday,January,Jan,1,1,2025
20250112,2025-01-12,Sunday,January,Jan,1,1,2025
20250113,2025-01-13,Monday,January,Jan,1,1,2025
20250114,2025-01-14,Tuesday,January,Jan,1,1,2025
20250115,2025-01-15,Wednesday,January,Jan,1,1,2025
20250116,2025-01-16,Thursday,January,Jan,1,1,2025
20250117,2025-01-17,Friday,January,Jan,1,1,2025
20250118,2025-01-18,Saturday,January,Jan,1,1,2025
20250119,2025-01-19,Sunday,January,Jan,1,1,2025
20250120,2025-01-20,Monday,January,Jan,1,1,2025
20250121,2025-01-21,Tuesday,January,Jan,1,1,2025
20250122,2025-01-22,Wednesday,January,Jan,1,1,2025
20250123,2025-01-23,Thursday,January,Jan,1,1,2025
20250124,2025-01-24,Friday,January,Jan,1,1,2025
20250125,2025-01-25,Saturday,January,Jan,1,1,2025
20250126,2025-01-26,Sunday,January,Jan,1,1,2025
20250127,2025-01-27,Monday,January,Jan,1,1,2025
20250128,2025-01-28,Tuesday,January,Jan,1,1,2025
20250129,2025-01-29,Wednesday,January,Jan,1,1,2025
20250130,2025-01-30,Thursday,January,Jan,1,1,2025
20250131,2025-01-31,Friday,January,Jan,1,1,2025
20250201,2025-02-01,Saturday,February,Feb,2,1,2025
20250202,2025-02-02,Sunday,February,Feb,2,1,2025
20250203,2025-02-03,Monday,February,Feb,2,1,2025
20250204,2025-02-04,Tuesday,February,Feb,2,1,2025
20250205,2025-02-05,Wednesday,February,Feb,2,1,2025
20250206,2025-02-06,Thursday,February,Feb,2,1,2025
20250207,2025-02-07,Friday,February,Feb,2,1,2025
20250208,2025-02-08,Saturday,February,Feb,2,1,2025
20250209,2025-02-09,Sunday,February,Feb,2,1,2025
20250210,2025-02-10,Monday,February,Feb,2,1,2025
20250211,2025-02-11,Tuesday,February,Feb,2,1,2025
20250212,2025-02-12,Wednesday,February,Feb,2,1,2025
20250213,2025-02-13,Thursday,February,Feb,2,1,2025
20250214,2025-02-14,Friday,February,Feb,2,1,2025
20250215,2025-02-15,Saturday,February,Feb,2,1,2025
20250216,2025-02-16,Sunday,February,Feb,2,1,2025
20250217,2025-02-17,Monday,February,Feb,2,1,2025
20250218,2025-02-18,Tuesday,February,Feb,2,1,2025
20250219,2025-02-19,Wednesday,February,Feb,2,1,2025
20250220,2025-02-20,Thursday,February,Feb,2,1,2025
20250221,2025-02-21,Friday,February,Feb,2,1,2025
20250222,2025-02-22,Saturday,February,Feb,2,1,2025
20250223,2025-02-23,Sunday,February,Feb,2,1,2025
20250224,2025-02-24,Monday,February,Feb,2,1,2025
20250225,2025-02-25,Tuesday,February,Feb,2,1,2025
20250226,2025-02-26,Wednesday,February,Feb,2,1,2025
20250227,2025-02-27,Thursday,February,Feb,2,1,2025
20250228,2025-02-28,Friday,February,Feb,2,1,2025
20250301,2025-03-01,Saturday,March,Mar,3,1,2025
20250302,2025-03-02,Sunday,March,Mar,3,1,2025
20250303,2025-03-03,Monday,March,Mar,3,1,2025
20250304,2025-03-04,Tuesday,March,Mar,3,1,2025
20250305,2025-03-05,Wednesday,March,Mar,3,1,2025
20250306,2025-03-06,Thursday,March,Mar,3,1,2025
20250307,2025-03-07,Friday,March,Mar,3,1,2025
20250308,2025-03-08,Saturday,March,Mar,3,1,2025
20250309,2025-03-09,Sunday,March,Mar,3,1,2025
20250310,2025-03-10,Monday,March,Mar,3,1,2025
20250311,2025-03-11,Tuesday,March,Mar,3,1,2025
20250312,2025-03-12,Wednesday,March,Mar,3,1,2025
20250313,2025-03-13,Thursday,March,Mar,3,1,2025
20250314,2025-03-14,Friday,March,Mar,3,1,2025
20250315,2025-03-15,Saturday,March,Mar,3,1,2025
20250316,2025-03-16,Sunday,March,Mar,3,1,2025
20250317,2025-03-17,Monday,March,Mar,3,1,2025
20250318,2025-03-18,Tuesday,March,Mar,3,1,2025
20250319,2025-03-19,Wednesday,March,Mar,3,1,2025
20250320,2025-03-20,Thursday,March,Mar,3,1,2025
20250321,2025-03-21,Friday,March,Mar,3,1,2025
20250322,2025-03-22,Saturday,March,Mar,3,1,2025
20250323,2025-03-23,Sunday,March,Mar,3,1,2025
20250324,2025-03-24,Monday,March,Mar,3,1,2025
20250325,2025-03-25,Tuesday,March,Mar,3,1,2025
20250326,2025-03-26,Wednesday,March,Mar,3,1,2025
20250327,2025-03-27,Thursday,March,Mar,3,1,2025
20250328,2025-03-28,Friday,March,Mar,3,1,2025
20250329,2025-03-29,Saturday,March,Mar,3,1,2025
20250330,2025-03-30,Sunday,March,Mar,3,1,2025
20250331,2025-03-31,Monday,March,Mar,3,1,2025
20250401,2025-04-01,Tuesday,April,Apr,4,2,2025
20250402,2025-04-02,Wednesday,April,Apr,4,2,2025
20250403,2025-04-03,Thursday,April,Apr,4,2,2025
20250404,2025-04-04,Friday,April,Apr,4,2,2025
20250405,2025-04-05,Saturday,April,Apr,4,2,2025
20250406,2025-04-06,Sunday,April,Apr,4,2,2025
20250407,2025-04-07,Monday,April,Apr,4,2,2025
20250408,2025-04-08,Tuesday,April,Apr,4,2,2025
20250409,2025-04-09,Wednesday,April,Apr,4,2,2025
20250410,2025-04-10,Thursday,April,Apr,4,2,2025
20250411,2025-04-11,Friday,April,Apr,4,2,2025
20250412,2025-04-12,Saturday,April,Apr,4,2,2025
20250413,2025-04-13,Sunday,April,Apr,4,2,2025
20250414,2025-04-14,Monday,April,Apr,4,2,2025
20250415,2025-04-15,Tuesday,April,Apr,4,2,2025
20250416,2025-04-16,Wednesday,April,Apr,4,2,2025
20250417,2025-04-17,Thursday,April,Apr,4,2,2025
20250418,2025-04-18,Friday,April,Apr,4,2,2025
20250419,2025-04-19,Saturday,April,Apr,4,2,2025
20250420,2025-04-20,Sunday,April,Apr,4,2,2025
20250421,2025-04-21,Monday,April,Apr,4,2,2025
20250422,2025-04-22,Tuesday,April,Apr,4,2,2025
20250423,2025-04-23,Wednesday,April,Apr,4,2,2025
20250424,2025-04-24,Thursday,April,Apr,4,2,2025
20250425,2025-04-25,Friday,April,Apr,4,2,2025
20250426,2025-04-26,Saturday,April,Apr,4,2,2025
20250427,2025-04-27,Sunday,April,Apr,4,2,2025
20250428,2025-04-28,Monday,April,Apr,4,2,2025
20250429,2025-04-29,Tuesday,April,Apr,4,2,2025
20250430,2025-04-30,Wednesday,April,Apr,4,2,2025
20250501,2025-05-01,Thursday,May,May,5,2,2025
20250502,2025-05-02,Friday,May,May,5,2,2025
20250503,2025-05-03,Saturday,May,May,5,2,2025
20250504,2025-05-04,Sunday,May,May,5,2,2025
20250505,2025-05-05,Monday,May,May,5,2,2025
20250506,2025-05-06,Tuesday,May,May,5,2,2025
20250507,2025-05-07,Wednesday,May,May,5,2,2025
20250508,2025-05-08,Thursday,May,May,5,2,2025
20250509,2025-05-09,Friday,May,May,5,2,2025
20250510,2025-05-10,Saturday,May,May,5,2,2025
20250511,2025-05-11,Sunday,May,May,5,2,2025
20250512,2025-05-12,Monday,May,May,5,2,2025
20250513,2025-05-13,Tuesday,May,May,5,2,2025
20250514,2025-05-14,Wednesday,May,May,5,2,2025
20250515,2025-05-15,Thursday,May,May,5,2,2025
20250516,2025-05-16,Friday,May,May,5,2,2025
20250517,2025-05-17,Saturday,May,May,5,2,2025
20250518,2025-05-18,Sunday,May,May,5,2,2025
20250519,2025-05-19,Monday,May,May,5,2,2025
20250520,2025-05-20,Tuesday,May,May,5,2,2025
20250521,2025-05-21,Wednesday,May,May,5,2,2025
20250522,2025-05-22,Thursday,May,May,5,2,2025
20250523,2025-05-23,Friday,May,May,5,2,2025
20250524,2025-05-24,Saturday,May,May,5,2,2025
20250525,2025-05-25,Sunday,May,May,5,2,2025
20250526,2025-05-26,Monday,May,May,5,2,2025
20250527,2025-05-27,Tuesday,May,May,5,2,2025
20250528,2025-05-28,Wednesday,May,May,5,2,2025
20250529,2025-05-29,Thursday,May,May,5,2,2025
20250530,2025-05-30,Friday,May,May,5,2,2025
20250531,2025-05-31,Saturday,May,May,5,2,2025
20250601,2025-06-01,Sunday,June,Jun,6,2,2025
20250602,2025-06-02,Monday,June,Jun,6,2,2025
20250603,2025-06-03,Tuesday,June,Jun,6,2,2025
20250604,2025-06-04,Wednesday,June,Jun,6,2,2025
20250605,2025-06-05,Thursday,June,Jun,6,2,2025
20250606,2025-06-06,Friday,June,Jun,6,2,2025
20250607,2025-06-07,Saturday,June,Jun,6,2,2025
20250608,2025-06-08,Sunday,June,Jun,6,2,2025
20250609,2025-06-09,Monday,June,Jun,6,2,2025
20250610,2025-06-10,Tuesday,June,Jun,6,2,2025
20250611,2025-06-11,Wednesday,June,Jun,6,2,2025
20250612,2025-06-12,Thursday,June,Jun,6,2,2025
20250613,2025-06-13,Friday,June,Jun,6,2,2025
20250614,2025-06-14,Saturday,June,Jun,6,2,2025
20250615,2025-06-15,Sunday,June,Jun,6,2,2025
20250616,2025-06-16,Monday,June,Jun,6,2,2025
20250617,2025-06-17,Tuesday,June,Jun,6,2,2025
20250618,2025-06-18,Wednesday,June,Jun,6,2,2025
20250619,2025-06-19,Thursday,June,Jun,6,2,2025
20250620,2025-06-20,Friday,June,Jun,6,2,2025
20250621,2025-06-21,Saturday,June,Jun,6,2,2025
20250622,2025-06-22,Sunday,June,Jun,6,2,2025
20250623,2025-06-23,Monday,June,Jun,6,2,2025
20250624,2025-06-24,Tuesday,June,Jun,6,2,2025
20250625,2025-06-25,Wednesday,June,Jun,6,2,2025
20250626,2025-06-26,Thursday,June,Jun,6,2,2025
20250627,2025-06-27,Friday,June,Jun,6,2,2025
20250628,2025-06-28,Saturday,June,Jun,6,2,2025
20250629,2025-06-29,Sunday,June,Jun,6,2,2025
20250630,2025-06-30,Monday,June,Jun,6,2,2025
20250701,2025-07-01,Tuesday,July,Jul,7,3,2025
20250702,2025-07-02,Wednesday,July,Jul,7,3,2025
20250703,2025-07-03,Thursday,July,Jul,7,3,2025
20250704,2025-07-04,Friday,July,Jul,7,3,2025
20250705,2025-07-05,Saturday,July,Jul,7,3,2025
20250706,2025-07-06,Sunday,July,Jul,7,3,2025
20250707,2025-07-07,Monday,July,Jul,7,3,2025
20250708,2025-07-08,Tuesday,July,Jul,7,3,2025
20250709,2025-07-09,Wednesday,July,Jul,7,3,2025
20250710,2025-07-10,Thursday,July,Jul,7,3,2025
20250711,2025-07-11,Friday,July,Jul,7,3,2025
20250712,2025-07-12,Saturday,July,Jul,7,3,2025
20250713,2025-07-13,Sunday,July,Jul,7,3,2025
20250714,2025-07-14,Monday,July,Jul,7,3,2025
20250715,2025-07-15,Tuesday,July,Jul,7,3,2025
20250716,2025-07-16,Wednesday,July,Jul,7,3,2025
20250717,2025-07-17,Thursday,July,Jul,7,3,2025
20250718,2025-07-18,Friday,July,Jul,7,3,2025
20250719,2025-07-19,Saturday,July,Jul,7,3,2025
20250720,2025-07-20,Sunday,July,Jul,7,3,2025
20250721,2025-07-21,Monday,July,Jul,7,3,2025
20250722,2025-07-22,Tuesday,July,Jul,7,3,2025
20250723,2025-07-23,Wednesday,July,Jul,7,3,2025
20250724,2025-07-24,Thursday,July,Jul,7,3,2025
20250725,2025-07-25,Friday,July,Jul,7,3,2025
20250726,2025-07-26,Saturday,July,Jul,7,3,2025
20250727,2025-07-27,Sunday,July,Jul,7,3,2025
20250728,2025-07-28,Monday,July,Jul,7,3,2025
20250729,2025-07-29,Tuesday,July,Jul,7,3,2025
20250730,2025-07-30,Wednesday,July,Jul,7,3,2025
20250731,2025-07-31,Thursday,July,Jul,7,3,2025
20250801,2025-08-01,Friday,August,Aug,8,3,2025
20250802,2025-08-02,Saturday,August,Aug,8,3,2025
20250803,2025-08-03,Sunday,August,Aug,8,3,2025
20250804,2025-08-04,Monday,August,Aug,8,3,2025
20250805,2025-08-05,Tuesday,August,Aug,8,3,2025
20250806,2025-08-06,Wednesday,August,Aug,8,3,2025
20250807,2025-08-07,Thursday,August,Aug,8,3,2025
20250808,2025-08-08,Friday,August,Aug,8,3,2025
20250809,2025-08-09,Saturday,August,Aug,8,3,2025
20250810,2025-08-10,Sunday,August,Aug,8,3,2025
20250811,2025-08-11,Monday,August,Aug,8,3,2025
20250812,2025-08-12,Tuesday,August,Aug,8,3,2025
20250813,2025-08-13,Wednesday,August,Aug,8,3,2025
20250814,2025-08-14,Thursday,August,Aug,8,3,2025
20250815,2025-08-15,Friday,August,Aug,8,3,2025
20250816,2025-08-16,Saturday,August,Aug,8,3,2025
20250817,2025-08-17,Sunday,August,Aug,8,3,2025
20250818,2025-08-18,Monday,August,Aug,8,3,2025
20250819,2025-08-19,Tuesday,August,Aug,8,3,2025
20250820,2025-08-20,Wednesday,August,Aug,8,3,2025
20250821,2025-08-21,Thursday,August,Aug,8,3,2025
20250822,2025-08-22,Friday,August,Aug,8,3,2025
20250823,2025-08-23,Saturday,August,Aug,8,3,2025
20250824,2025-08-24,Sunday,August,Aug,8,3,2025
20250825,2025-08-25,Monday,August,Aug,8,3,2025
20250826,2025-08-26,Tuesday,August,Aug,8,3,2025
20250827,2025-08-27,Wednesday,August,Aug,8,3,2025
20250828,2025-08-28,Thursday,August,Aug,8,3,2025
20250829,2025-08-29,Friday,August,Aug,8,3,2025
20250830,2025-08-30,Saturday,August,Aug,8,3,2025
20250831,2025-08-31,Sunday,August,Aug,8,3,2025
20250901,2025-09-01,Monday,September,Sep,9,3,2025
20250902,2025-09-02,Tuesday,September,Sep,9,3,2025
20250903,2025-09-03,Wednesday,September,Sep,9,3,2025
20250904,2025-09-04,Thursday,September,Sep,9,3,2025
20250905,2025-09-05,Friday,September,Sep,9,3,2025
20250906,2025-09-06,Saturday,September,Sep,9,3,2025
20250907,2025-09-07,Sunday,September,Sep,9,3,2025
20250908,2025-09-08,Monday,September,Sep,9,3,2025
20250909,2025-09-09,Tuesday,September,Sep,9,3,2025
20250910,2025-09-10,Wednesday,September,Sep,9,3,2025
20250911,2025-09-11,Thursday,September,Sep,9,3,2025
20250912,2025-09-12,Friday,September,Sep,9,3,2025
20250913,2025-09-13,Saturday,September,Sep,9,3,2025
20250914,2025-09-14,Sunday,September,Sep,9,3,2025
20250915,2025-09-15,Monday,September,Sep,9,3,2025
20250916,2025-09-16,Tuesday,September,Sep,9,3,2025
20250917,2025-09-17,Wednesday,September,Sep,9,3,2025
20250918,2025-09-18,Thursday,September,Sep,9,3,2025
20250919,2025-09-19,Friday,September,Sep,9,3,2025
20250920,2025-09-20,Saturday,September,Sep,9,3,2025
20250921,2025-09-21,Sunday,September,Sep,9,3,2025
20250922,2025-09-22,Monday,September,Sep,9,3,2025
20250923,2025-09-23,Tuesday,September,Sep,9,3,2025
20250924,2025-09-24,Wednesday,September,Sep,9,3,2025
20250925,2025-09-25,Thursday,September,Sep,9,3,2025
20250926,2025-09-26,Friday,September,Sep,9,3,2025
20250927,2025-09-27,Saturday,September,Sep,9,3,2025
20250928,2025-09-28,Sunday,September,Sep,9,3,2025
20250929,2025-09-29,Monday,September,Sep,9,3,2025
20250930,2025-09-30,Tuesday,September,Sep,9,3,2025
20251001,2025-10-01,Wednesday,October,Oct,10,4,2025
20251002,2025-10-02,Thursday,October,Oct,10,4,2025
20251003,2025-10-03,Friday,October,Oct,10,4,2025
20251004,2025-10-04,Saturday,October,Oct,10,4,2025
20251005,2025-10-05,Sunday,October,Oct,10,4,2025
20251006,2025-10-06,Monday,October,Oct,10,4,2025
20251007,2025-10-07,Tuesday,October,Oct,10,4,2025
20251008,2025-10-08,Wednesday,October,Oct,10,4,2025
20251009,2025-10-09,Thursday,October,Oct,10,4,2025
20251010,2025-10-10,Friday,October,Oct,10,4,2025
20251011,2025-10-11,Saturday,October,Oct,10,4,2025
20251012,2025-10-12,Sunday,October,Oct,10,4,2025
20251013,2025-10-13,Monday,October,Oct,10,4,2025
20251014,2025-10-14,Tuesday,October,Oct,10,4,2025
20251015,2025-10-15,Wednesday,October,Oct,10,4,2025
20251016,2025-10-16,Thursday,October,Oct,10,4,2025
20251017,2025-10-17,Friday,October,Oct,10,4,2025
20251018,2025-10-18,Saturday,October,Oct,10,4,2025
20251019,2025-10-19,Sunday,October,Oct,10,4,2025
20251020,2025-10-20,Monday,October,Oct,10,4,2025
20251021,2025-10-21,Tuesday,October,Oct,10,4,2025
20251022,2025-10-22,Wednesday,October,Oct,10,4,2025
20251023,2025-10-23,Thursday,October,Oct,10,4,2025
20251024,2025-10-24,Friday,October,Oct,10,4,2025
20251025,2025-10-25,Saturday,October,Oct,10,4,2025
20251026,2025-10-26,Sunday,October,Oct,10,4,2025
20251027,2025-10-27,Monday,October,Oct,10,4,2025
20251028,2025-10-28,Tuesday,October,Oct,10,4,2025
20251029,2025-10-29,Wednesday,October,Oct,10,4,2025
20251030,2025-10-30,Thursday,October,Oct,10,4,2025
20251031,2025-10-31,Friday,October,Oct,10,4,2025
20251101,2025-11-01,Saturday,November,Nov,11,4,2025
20251102,2025-11-02,Sunday,November,Nov,11,4,2025
20251103,2025-11-03,Monday,November,Nov,11,4,2025
20251104,2025-11-04,Tuesday,November,Nov,11,4,2025
20251105,2025-11-05,Wednesday,November,Nov,11,4,2025
20251106,2025-11-06,Thursday,November,Nov,11,4,2025
20251107,2025-11-07,Friday,November,Nov,11,4,2025
20251108,2025-11-08,Saturday,November,Nov,11,4,2025
20251109,2025-11-09,Sunday,November,Nov,11,4,2025
20251110,2025-11-10,Monday,November,Nov,11,4,2025
20251111,2025-11-11,Tuesday,November,Nov,11,4,2025
20251112,2025-11-12,Wednesday,November,Nov,11,4,2025
20251113,2025-11-13,Thursday,November,Nov,11,4,2025
20251114,2025-11-14,Friday,November,Nov,11,4,2025
20251115,2025-11-15,Saturday,November,Nov,11,4,2025
20251116,2025-11-16,Sunday,November,Nov,11,4,2025
20251117,2025-11-17,Monday,November,Nov,11,4,2025
20251118,2025-11-18,Tuesday,November,Nov,11,4,2025
20251119,2025-11-19,Wednesday,November,Nov,11,4,2025
20251120,2025-11-20,Thursday,November,Nov,11,4,2025
20251121,2025-11-21,Friday,November,Nov,11,4,2025
20251122,2025-11-22,Saturday,November,Nov,11,4,2025
20251123,2025-11-23,Sunday,November,Nov,11,4,2025
20251124,2025-11-24,Monday,November,Nov,11,4,2025
20251125,2025-11-25,Tuesday,November,Nov,11,4,2025
20251126,2025-11-26,Wednesday,November,Nov,11,4,2025
20251127,2025-11-27,Thursday,November,Nov,11,4,2025
20251128,2025-11-28,Friday,November,Nov,11,4,2025
20251129,2025-11-29,Saturday,November,Nov,11,4,2025
20251130,2025-11-30,Sunday,November,Nov,11,4,2025
20251201,2025-12-01,Monday,December,Dec,12,4,2025
20251202,2025-12-02,Tuesday,December,Dec,12,4,2025
20251203,2025-12-03,Wednesday,December,Dec,12,4,2025
20251204,2025-12-04,Thursday,December,Dec,12,4,2025
20251205,2025-12-05,Friday,December,Dec,12,4,2025
20251206,2025-12-06,Saturday,December,Dec,12,4,2025
20251207,2025-12-07,Sunday,December,Dec,12,4,2025
20251208,2025-12-08,Monday,December,Dec,12,4,2025
20251209,2025-12-09,Tuesday,December,Dec,12,4,2025
20251210,2025-12-10,Wednesday,December,Dec,12,4,2025
20251211,2025-12-11,Thursday,December,Dec,12,4,2025
20251212,2025-12-12,Friday,December,Dec,12,4,2025
20251213,2025-12-13,Saturday,December,Dec,12,4,2025
20251214,2025-12-14,Sunday,December,Dec,12,4,2025
20251215,2025-12-15,Monday,December,Dec,12,4,2025
20251216,2025-12-16,Tuesday,December,Dec,12,4,2025
20251217,2025-12-17,Wednesday,December,Dec,12,4,2025
20251218,2025-12-18,Thursday,December,Dec,12,4,2025
20251219,2025-12-19,Friday,December,Dec,12,4,2025
20251220,2025-12-20,Saturday,December,Dec,12,4,2025
20251221,2025-12-21,Sunday,December,Dec,12,4,2025
20251222,2025-12-22,Monday,December,Dec,12,4,2025
20251223,2025-12-23,Tuesday,December,Dec,12,4,2025
20251224,2025-12-24,Wednesday,December,Dec,12,4,2025
20251225,2025-12-25,Thursday,December,Dec,12,4,2025
20251226,2025-12-26,Friday,December,Dec,12,4,2025
20251227,2025-12-27,Saturday,December,Dec,12,4,2025
20251228,2025-12-28,Sunday,December,Dec,12,4,2025
20251229,2025-12-29,Monday,December,Dec,12,4,2025
20251230,2025-12-30,Tuesday,December,Dec,12,4,2025
20251231,2025-12-31,Wednesday,December,Dec,12,4,2025
20260101,2026-01-01,Thursday,January,Jan,1,1,2026
20260102,2026-01-02,Friday,January,Jan,1,1,2026
20260103,2026-01-03,Saturday,January,Jan,1,1,2026
20260104,2026-01-04,Sunday,January,Jan,1,1,2026
20260105,2026-01-05,Monday,January,Jan,1,1,2026
20260106,2026-01-06,Tuesday,January,Jan,1,1,2026
20260107,2026-01-07,Wednesday,January,Jan,1,1,2026
20260108,2026-01-08,Thursday,January,Jan,1,1,2026
20260109,2026-01-09,Friday,January,Jan,1,1,2026
20260110,2026-01-10,Saturday,January,Jan,1,1,2026
20260111,2026-01-11,Sunday,January,Jan,1,1,2026
20260112,2026-01-12,Monday,January,Jan,1,1,2026
20260113,2026-01-13,Tuesday,January,Jan,1,1,2026
20260114,2026-01-14,Wednesday,January,Jan,1,1,2026
20260115,2026-01-15,Thursday,January,Jan,1,1,2026
20260116,2026-01-16,Friday,January,Jan,1,1,2026
20260117,2026-01-17,Saturday,January,Jan,1,1,2026
20260118,2026-01-18,Sunday,January,Jan,1,1,2026
20260119,2026-01-19,Monday,January,Jan,1,1,2026
20260120,2026-01-20,Tuesday,January,Jan,1,1,2026
20260121,2026-01-21,Wednesday,January,Jan,1,1,2026
20260122,2026-01-22,Thursday,January,Jan,1,1,2026
20260123,2026-01-23,Friday,January,Jan,1,1,2026
20260124,2026-01-24,Saturday,January,Jan,1,1,2026
20260125,2026-01-25,Sunday,January,Jan,1,1,2026
20260126,2026-01-26,Monday,January,Jan,1,1,2026
20260127,2026-01-27,Tuesday,January,Jan,1,1,2026
20260128,2026-01-28,Wednesday,January,Jan,1,1,2026
20260129,2026-01-29,Thursday,January,Jan,1,1,2026
20260130,2026-01-30,Friday,January,Jan,1,1,2026
20260131,2026-01-31,Saturday,January,Jan,1,1,2026
20260201,2026-02-01,Sunday,February,Feb,2,1,2026
20260202,2026-02-02,Monday,February,Feb,2,1,2026
20260203,2026-02-03,Tuesday,February,Feb,2,1,2026
20260204,2026-02-04,Wednesday,February,Feb,2,1,2026
20260205,2026-02-05,Thursday,February,Feb,2,1,2026
20260206,2026-02-06,Friday,February,Feb,2,1,2026
20260207,2026-02-07,Saturday,February,Feb,2,1,2026
20260208,2026-02-08,Sunday,February,Feb,2,1,2026
20260209,2026-02-09,Monday,February,Feb,2,1,2026
20260210,2026-02-10,Tuesday,February,Feb,2,1,2026
20260211,2026-02-11,Wednesday,February,Feb,2,1,2026
20260212,2026-02-12,Thursday,February,Feb,2,1,2026
20260213,2026-02-13,Friday,February,Feb,2,1,2026
20260214,2026-02-14,Saturday,February,Feb,2,1,2026
20260215,2026-02-15,Sunday,February,Feb,2,1,2026
20260216,2026-02-16,Monday,February,Feb,2,1,2026
20260217,2026-02-17,Tuesday,February,Feb,2,1,2026
20260218,2026-02-18,Wednesday,February,Feb,2,1,2026
20260219,2026-02-19,Thursday,February,Feb,2,1,2026
20260220,2026-02-20,Friday,February,Feb,2,1,2026
20260221,2026-02-21,Saturday,February,Feb,2,1,2026
20260222,2026-02-22,Sunday,February,Feb,2,1,2026
20260223,2026-02-23,Monday,February,Feb,2,1,2026
20260224,2026-02-24,Tuesday,February,Feb,2,1,2026
20260225,2026-02-25,Wednesday,February,Feb,2,1,2026
20260226,2026-02-26,Thursday,February,Feb,2,1,2026
20260227,2026-02-27,Friday,February,Feb,2,1,2026
20260228,2026-02-28,Saturday,February,Feb,2,1,2026
20260301,2026-03-01,Sunday,March,Mar,3,1,2026
20260302,2026-03-02,Monday,March,Mar,3,1,2026
20260303,2026-03-03,Tuesday,March,Mar,3,1,2026
20260304,2026-03-04,Wednesday,March,Mar,3,1,2026
20260305,2026-03-05,Thursday,March,Mar,3,1,2026
20260306,2026-03-06,Friday,March,Mar,3,1,2026
20260307,2026-03-07,Saturday,March,Mar,3,1,2026
20260308,2026-03-08,Sunday,March,Mar,3,1,2026
20260309,2026-03-09,Monday,March,Mar,3,1,2026
20260310,2026-03-10,Tuesday,March,Mar,3,1,2026
20260311,2026-03-11,Wednesday,March,Mar,3,1,2026
20260312,2026-03-12,Thursday,March,Mar,3,1,2026
20260313,2026-03-13,Friday,March,Mar,3,1,2026
20260314,2026-03-14,Saturday,March,Mar,3,1,2026
20260315,2026-03-15,Sunday,March,Mar,3,1,2026
20260316,2026-03-16,Monday,March,Mar,3,1,2026
20260317,2026-03-17,Tuesday,March,Mar,3,1,2026
20260318,2026-03-18,Wednesday,March,Mar,3,1,2026
20260319,2026-03-19,Thursday,March,Mar,3,1,2026
20260320,2026-03-20,Friday,March,Mar,3,1,2026
20260321,2026-03-21,Saturday,March,Mar,3,1,2026
20260322,2026-03-22,Sunday,March,Mar,3,1,2026
20260323,2026-03-23,Monday,March,Mar,3,1,2026
20260324,2026-03-24,Tuesday,March,Mar,3,1,2026
20260325,2026-03-25,Wednesday,March,Mar,3,1,2026
20260326,2026-03-26,Thursday,March,Mar,3,1,2026
20260327,2026-03-27,Friday,March,Mar,3,1,2026
20260328,2026-03-28,Saturday,March,Mar,3,1,2026
20260329,2026-03-29,Sunday,March,Mar,3,1,2026
20260330,2026-03-30,Monday,March,Mar,3,1,2026
20260331,2026-03-31,Tuesday,March,Mar,3,1,2026
20260401,2026-04-01,Wednesday,April,Apr,4,2,2026
20260402,2026-04-02,Thursday,April,Apr,4,2,2026
20260403,2026-04-03,Friday,April,Apr,4,2,2026
20260404,2026-04-04,Saturday,April,Apr,4,2,2026
20260405,2026-04-05,Sunday,April,Apr,4,2,2026
20260406,2026-04-06,Monday,April,Apr,4,2,2026
20260407,2026-04-07,Tuesday,April,Apr,4,2,2026
20260408,2026-04-08,Wednesday,April,Apr,4,2,2026
20260409,2026-04-09,Thursday,April,Apr,4,2,2026
20260410,2026-04-10,Friday,April,Apr,4,2,2026
20260411,2026-04-11,Saturday,April,Apr,4,2,2026
20260412,2026-04-12,Sunday,April,Apr,4,2,2026
20260413,2026-04-13,Monday,April,Apr,4,2,2026
20260414,2026-04-14,Tuesday,April,Apr,4,2,2026
20260415,2026-04-15,Wednesday,April,Apr,4,2,2026
20260416,2026-04-16,Thursday,April,Apr,4,2,2026
20260417,2026-04-17,Friday,April,Apr,4,2,2026
20260418,2026-04-18,Saturday,April,Apr,4,2,2026
20260419,2026-04-19,Sunday,April,Apr,4,2,2026
20260420,2026-04-20,Monday,April,Apr,4,2,2026
20260421,2026-04-21,Tuesday,April,Apr,4,2,2026
20260422,2026-04-22,Wednesday,April,Apr,4,2,2026
20260423,2026-04-23,Thursday,April,Apr,4,2,2026
20260424,2026-04-24,Friday,April,Apr,4,2,2026
20260425,2026-04-25,Saturday,April,Apr,4,2,2026
20260426,2026-04-26,Sunday,April,Apr,4,2,2026
20260427,2026-04-27,Monday,April,Apr,4,2,2026
20260428,2026-04-28,Tuesday,April,Apr,4,2,2026
20260429,2026-04-29,Wednesday,April,Apr,4,2,2026
20260430,2026-04-30,Thursday,April,Apr,4,2,2026
20260501,2026-05-01,Friday,May,May,5,2,2026
20260502,2026-05-02,Saturday,May,May,5,2,2026
20260503,2026-05-03,Sunday,May,May,5,2,2026
20260504,2026-05-04,Monday,May,May,5,2,2026
20260505,2026-05-05,Tuesday,May,May,5,2,2026
20260506,2026-05-06,Wednesday,May,May,5,2,2026
20260507,2026-05-07,Thursday,May,May,5,2,2026
20260508,2026-05-08,Friday,May,May,5,2,2026
20260509,2026-05-09,Saturday,May,May,5,2,2026
20260510,2026-05-10,Sunday,May,May,5,2,2026
20260511,2026-05-11,Monday,May,May,5,2,2026
20260512,2026-05-12,Tuesday,May,May,5,2,2026
20260513,2026-05-13,Wednesday,May,May,5,2,2026
20260514,2026-05-14,Thursday,May,May,5,2,2026
20260515,2026-05-15,Friday,May,May,5,2,2026
20260516,2026-05-16,Saturday,May,May,5,2,2026
20260517,2026-05-17,Sunday,May,May,5,2,2026
20260518,2026-05-18,Monday,May,May,5,2,2026
20260519,2026-05-19,Tuesday,May,May,5,2,2026
20260520,2026-05-20,Wednesday,May,May,5,2,2026
20260521,2026-05-21,Thursday,May,May,5,2,2026
20260522,2026-05-22,Friday,May,May,5,2,2026
20260523,2026-05-23,Saturday,May,May,5,2,2026
20260524,2026-05-24,Sunday,May,May,5,2,2026
20260525,2026-05-25,Monday,May,May,5,2,2026
20260526,2026-05-26,Tuesday,May,May,5,2,2026
20260527,2026-05-27,Wednesday,May,May,5,2,2026
20260528,2026-05-28,Thursday,May,May,5,2,2026
20260529,2026-05-29,Friday,May,May,5,2,2026
20260530,2026-05-30,Saturday,May,May,5,2,2026
20260531,2026-05-31,Sunday,May,May,5,2,2026
20260601,2026-06-01,Monday,June,Jun,6,2,2026
20260602,2026-06-02,Tuesday,June,Jun,6,2,2026
20260603,2026-06-03,Wednesday,June,Jun,6,2,2026
20260604,2026-06-04,Thursday,June,Jun,6,2,2026
20260605,2026-06-05,Friday,June,Jun,6,2,2026
20260606,2026-06-06,Saturday,June,Jun,6,2,2026
20260607,2026-06-07,Sunday,June,Jun,6,2,2026
20260608,2026-06-08,Monday,June,Jun,6,2,2026
20260609,2026-06-09,Tuesday,June,Jun,6,2,2026
20260610,2026-06-10,Wednesday,June,Jun,6,2,2026
20260611,2026-06-11,Thursday,June,Jun,6,2,2026
20260612,2026-06-12,Friday,June,Jun,6,2,2026
20260613,2026-06-13,Saturday,June,Jun,6,2,2026
20260614,2026-06-14,Sunday,June,Jun,6,2,2026
20260615,2026-06-15,Monday,June,Jun,6,2,2026
20260616,2026-06-16,Tuesday,June,Jun,6,2,2026
20260617,2026-06-17,Wednesday,June,Jun,6,2,2026
20260618,2026-06-18,Thursday,June,Jun,6,2,2026
20260619,2026-06-19,Friday,June,Jun,6,2,2026
20260620,2026-06-20,Saturday,June,Jun,6,2,2026
20260621,2026-06-21,Sunday,June,Jun,6,2,2026
20260622,2026-06-22,Monday,June,Jun,6,2,2026
20260623,2026-06-23,Tuesday,June,Jun,6,2,2026
20260624,2026-06-24,Wednesday,June,Jun,6,2,2026
20260625,2026-06-25,Thursday,June,Jun,6,2,2026
20260626,2026-06-26,Friday,June,Jun,6,2,2026
20260627,2026-06-27,Saturday,June,Jun,6,2,2026
20260628,2026-06-28,Sunday,June,Jun,6,2,2026
20260629,2026-06-29,Monday,June,Jun,6,2,2026
20260630,2026-06-30,Tuesday,June,Jun,6,2,2026
20260701,2026-07-01,Wednesday,July,Jul,7,3,2026
20260702,2026-07-02,Thursday,July,Jul,7,3,2026
20260703,2026-07-03,Friday,July,Jul,7,3,2026
20260704,2026-07-04,Saturday,July,Jul,7,3,2026
20260705,2026-07-05,Sunday,July,Jul,7,3,2026
20260706,2026-07-06,Monday,July,Jul,7,3,2026
20260707,2026-07-07,Tuesday,July,Jul,7,3,2026
20260708,2026-07-08,Wednesday,July,Jul,7,3,2026
20260709,2026-07-09,Thursday,July,Jul,7,3,2026
20260710,2026-07-10,Friday,July,Jul,7,3,2026
20260711,2026-07-11,Saturday,July,Jul,7,3,2026
20260712,2026-07-12,Sunday,July,Jul,7,3,2026
20260713,2026-07-13,Monday,July,Jul,7,3,2026
20260714,2026-07-14,Tuesday,July,Jul,7,3,2026
20260715,2026-07-15,Wednesday,July,Jul,7,3,2026
20260716,2026-07-16,Thursday,July,Jul,7,3,2026
20260717,2026-07-17,Friday,July,Jul,7,3,2026
20260718,2026-07-18,Saturday,July,Jul,7,3,2026
20260719,2026-07-19,Sunday,July,Jul,7,3,2026
20260720,2026-07-20,Monday,July,Jul,7,3,2026
20260721,2026-07-21,Tuesday,July,Jul,7,3,2026
20260722,2026-07-22,Wednesday,July,Jul,7,3,2026
20260723,2026-07-23,Thursday,July,Jul,7,3,2026
20260724,2026-07-24,Friday,July,Jul,7,3,2026
20260725,2026-07-25,Saturday,July,Jul,7,3,2026
20260726,2026-07-26,Sunday,July,Jul,7,3,2026
20260727,2026-07-27,Monday,July,Jul,7,3,2026
20260728,2026-07-28,Tuesday,July,Jul,7,3,2026
20260729,2026-07-29,Wednesday,July,Jul,7,3,2026
20260730,2026-07-30,Thursday,July,Jul,7,3,2026
20260731,2026-07-31,Friday,July,Jul,7,3,2026
20260801,2026-08-01,Saturday,August,Aug,8,3,2026
20260802,2026-08-02,Sunday,August,Aug,8,3,2026
20260803,2026-08-03,Monday,August,Aug,8,3,2026
20260804,2026-08-04,Tuesday,August,Aug,8,3,2026
20260805,2026-08-05,Wednesday,August,Aug,8,3,2026
20260806,2026-08-06,Thursday,August,Aug,8,3,2026
20260807,2026-08-07,Friday,August,Aug,8,3,2026
20260808,2026-08-08,Saturday,August,Aug,8,3,2026
20260809,2026-08-09,Sunday,August,Aug,8,3,2026
20260810,2026-08-10,Monday,August,Aug,8,3,2026
20260811,2026-08-11,Tuesday,August,Aug,8,3,2026
20260812,2026-08-12,Wednesday,August,Aug,8,3,2026
20260813,2026-08-13,Thursday,August,Aug,8,3,2026
20260814,2026-08-14,Friday,August,Aug,8,3,2026
20260815,2026-08-15,Saturday,August,Aug,8,3,2026
20260816,2026-08-16,Sunday,August,Aug,8,3,2026
20260817,2026-08-17,Monday,August,Aug,8,3,2026
20260818,2026-08-18,Tuesday,August,Aug,8,3,2026
20260819,2026-08-19,Wednesday,August,Aug,8,3,2026
20260820,2026-08-20,Thursday,August,Aug,8,3,2026
20260821,2026-08-21,Friday,August,Aug,8,3,2026
20260822,2026-08-22,Saturday,August,Aug,8,3,2026
20260823,2026-08-23,Sunday,August,Aug,8,3,2026
20260824,2026-08-24,Monday,August,Aug,8,3,2026
20260825,2026-08-25,Tuesday,August,Aug,8,3,2026
20260826,2026-08-26,Wednesday,August,Aug,8,3,2026
20260827,2026-08-27,Thursday,August,Aug,8,3,2026
20260828,2026-08-28,Friday,August,Aug,8,3,2026
20260829,2026-08-29,Saturday,August,Aug,8,3,2026
20260830,2026-08-30,Sunday,August,Aug,8,3,2026
20260831,2026-08-31,Monday,August,Aug,8,3,2026
20260901,2026-09-01,Tuesday,September,Sep,9,3,2026
20260902,2026-09-02,Wednesday,September,Sep,9,3,2026
20260903,2026-09-03,Thursday,September,Sep,9,3,2026
20260904,2026-09-04,Friday,September,Sep,9,3,2026
20260905,2026-09-05,Saturday,September,Sep,9,3,2026
20260906,2026-09-06,Sunday,September,Sep,9,3,2026
20260907,2026-09-07,Monday,September,Sep,9,3,2026
20260908,2026-09-08,Tuesday,September,Sep,9,3,2026
20260909,2026-09-09,Wednesday,September,Sep,9,3,2026
20260910,2026-09-10,Thursday,September,Sep,9,3,2026
20260911,2026-09-11,Friday,September,Sep,9,3,2026
20260912,2026-09-12,Saturday,September,Sep,9,3,2026
20260913,2026-09-13,Sunday,September,Sep,9,3,2026
20260914,2026-09-14,Monday,September,Sep,9,3,2026
20260915,2026-09-15,Tuesday,September,Sep,9,3,2026
20260916,2026-09-16,Wednesday,September,Sep,9,3,2026
20260917,2026-09-17,Thursday,September,Sep,9,3,2026
20260918,2026-09-18,Friday,September,Sep,9,3,2026
20260919,2026-09-19,Saturday,September,Sep,9,3,2026
20260920,2026-09-20,Sunday,September,Sep,9,3,2026
20260921,2026-09-21,Monday,September,Sep,9,3,2026
20260922,2026-09-22,Tuesday,September,Sep,9,3,2026
20260923,2026-09-23,Wednesday,September,Sep,9,3,2026
20260924,2026-09-24,Thursday,September,Sep,9,3,2026
20260925,2026-09-25,Friday,September,Sep,9,3,2026
20260926,2026-09-26,Saturday,September,Sep,9,3,2026
20260927,2026-09-27,Sunday,September,Sep,9,3,2026
20260928,2026-09-28,Monday,September,Sep,9,3,2026
20260929,2026-09-29,Tuesday,September,Sep,9,3,2026
20260930,2026-09-30,Wednesday,September,Sep,9,3,2026
20261001,2026-10-01,Thursday,October,Oct,10,4,2026
20261002,2026-10-02,Friday,October,Oct,10,4,2026
20261003,2026-10-03,Saturday,October,Oct,10,4,2026
20261004,2026-10-04,Sunday,October,Oct,10,4,2026
20261005,2026-10-05,Monday,October,Oct,10,4,2026
20261006,2026-10-06,Tuesday,October,Oct,10,4,2026
20261007,2026-10-07,Wednesday,October,Oct,10,4,2026
20261008,2026-10-08,Thursday,October,Oct,10,4,2026
20261009,2026-10-09,Friday,October,Oct,10,4,2026
20261010,2026-10-10,Saturday,October,Oct,10,4,2026
20261011,2026-10-11,Sunday,October,Oct,10,4,2026
20261012,2026-10-12,Monday,October,Oct,10,4,2026
20261013,2026-10-13,Tuesday,October,Oct,10,4,2026
20261014,2026-10-14,Wednesday,October,Oct,10,4,2026
20261015,2026-10-15,Thursday,October,Oct,10,4,2026
20261016,2026-10-16,Friday,October,Oct,10,4,2026
20261017,2026-10-17,Saturday,October,Oct,10,4,2026
20261018,2026-10-18,Sunday,October,Oct,10,4,2026
20261019,2026-10-19,Monday,October,Oct,10,4,2026
20261020,2026-10-20,Tuesday,October,Oct,10,4,2026
20261021,2026-10-21,Wednesday,October,Oct,10,4,2026
20261022,2026-10-22,Thursday,October,Oct,10,4,2026
20261023,2026-10-23,Friday,October,Oct,10,4,2026
20261024,2026-10-24,Saturday,October,Oct,10,4,2026
20261025,2026-10-25,Sunday,October,Oct,10,4,2026
20261026,2026-10-26,Monday,October,Oct,10,4,2026
20261027,2026-10-27,Tuesday,October,Oct,10,4,2026
20261028,2026-10-28,Wednesday,October,Oct,10,4,2026
20261029,2026-10-29,Thursday,October,Oct,10,4,2026
20261030,2026-10-30,Friday,October,Oct,10,4,2026
20261031,2026-10-31,Saturday,October,Oct,10,4,2026
20261101,2026-11-01,Sunday,November,Nov,11,4,2026
20261102,2026-11-02,Monday,November,Nov,11,4,2026
20261103,2026-11-03,Tuesday,November,Nov,11,4,2026
20261104,2026-11-04,Wednesday,November,Nov,11,4,2026
20261105,2026-11-05,Thursday,November,Nov,11,4,2026
20261106,2026-11-06,Friday,November,Nov,11,4,2026
20261107,2026-11-07,Saturday,November,Nov,11,4,2026
20261108,2026-11-08,Sunday,November,Nov,11,4,2026
20261109,2026-11-09,Monday,November,Nov,11,4,2026
20261110,2026-11-10,Tuesday,November,Nov,11,4,2026
20261111,2026-11-11,Wednesday,November,Nov,11,4,2026
20261112,2026-11-12,Thursday,November,Nov,11,4,2026
20261113,2026-11-13,Friday,November,Nov,11,4,2026
20261114,2026-11-14,Saturday,November,Nov,11,4,2026
20261115,2026-11-15,Sunday,November,Nov,11,4,2026
20261116,2026-11-16,Monday,November,Nov,11,4,2026
20261117,2026-11-17,Tuesday,November,Nov,11,4,2026
20261118,2026-11-18,Wednesday,November,Nov,11,4,2026
20261119,2026-11-19,Thursday,November,Nov,11,4,2026
20261120,2026-11-20,Friday,November,Nov,11,4,2026
20261121,2026-11-21,Saturday,November,Nov,11,4,2026
20261122,2026-11-22,Sunday,November,Nov,11,4,2026
20261123,2026-11-23,Monday,November,Nov,11,4,2026
20261124,2026-11-24,Tuesday,November,Nov,11,4,2026
20261125,2026-11-25,Wednesday,November,Nov,11,4,2026
20261126,2026-11-26,Thursday,November,Nov,11,4,2026
20261127,2026-11-27,Friday,November,Nov,11,4,2026
20261128,2026-11-28,Saturday,November,Nov,11,4,2026
20261129,2026-11-29,Sunday,November,Nov,11,4,2026
20261130,2026-11-30,Monday,November,Nov,11,4,2026
20261201,2026-12-01,Tuesday,December,Dec,12,4,2026
20261202,2026-12-02,Wednesday,December,Dec,12,4,2026
20261203,2026-12-03,Thursday,December,Dec,12,4,2026
20261204,2026-12-04,Friday,December,Dec,12,4,2026
20261205,2026-12-05,Saturday,December,Dec,12,4,2026
20261206,2026-12-06,Sunday,December,Dec,12,4,2026
20261207,2026-12-07,Monday,December,Dec,12,4,2026
20261208,2026-12-08,Tuesday,December,Dec,12,4,2026
20261209,2026-12-09,Wednesday,December,Dec,12,4,2026
20261210,2026-12-10,Thursday,December,Dec,12,4,2026
20261211,2026-12-11,Friday,December,Dec,12,4,2026
20261212,2026-12-12,Saturday,December,Dec,12,4,2026
20261213,2026-12-13,Sunday,December,Dec,12,4,2026
20261214,2026-12-14,Monday,December,Dec,12,4,2026
20261215,2026-12-15,Tuesday,December,Dec,12,4,2026
20261216,2026-12-16,Wednesday,December,Dec,12,4,2026
20261217,2026-12-17,Thursday,December,Dec,12,4,2026
20261218,2026-12-18,Friday,December,Dec,12,4,2026
20261219,2026-12-19,Saturday,December,Dec,12,4,2026
20261220,2026-12-20,Sunday,December,Dec,12,4,2026
20261221,2026-12-21,Monday,December,Dec,12,4,2026
20261222,2026-12-22,Tuesday,December,Dec,12,4,2026
20261223,2026-12-23,Wednesday,December,Dec,12,4,2026
20261224,2026-12-24,Thursday,December,Dec,12,4,2026
20261225,2026-12-25,Friday,December,Dec,12,4,2026
20261226,2026-12-26,Saturday,December,Dec,12,4,2026
20261227,2026-12-27,Sunday,December,Dec,12,4,2026
20261228,2026-12-28,Monday,December,Dec,12,4,2026
20261229,2026-12-29,Tuesday,December,Dec,12,4,2026
20261230,2026-12-30,Wednesday,December,Dec,12,4,2026
20261231,2026-12-31,Thursday,December,Dec,12,4,2026
